user1@mail.com:1234@Ana,Pedro,María,Juan,Elena,Oscar,Isabel
user2@mail.com:5678@Carlos,Eva,Antonio,Alicia,Roberto,Irene,Adrián
admin@test.com:0000@Miguel,Sara,Pablo,Olga,Luis,Emma,David,Inés
test@demo.com:1111@Fernando,Andrea,Raúl,Úrsula,Jorge,Alba,Diego
demo@user.com:2222@Marta,Álvaro,Cristina,Ignacio,Rosa,Emilio,Teresa
prueba@mail.com:3333@Sergio,Ángela,Manuel,Esther,Alberto,Olivia,Ramón
ejemplo@test.com:4444@Patricia,Arturo,Natalia,Enrique,Carolina,Iván,Silvia
user3@mail.com:6789@Beatriz,Eduardo,Lorena,Óscar,Sandra,Ángel,Victoria
admin2@test.com:9999@Alejandro,Irma,Gabriel,Elvira,Francisco,Úrsula,Ricardo
final@demo.com:7777@Daniel,Aurora,Vicente,Eva,Marcos,Isabel,Tomás,Ana
